{"cameraMode":{"drawMode":0,"name":"Shaded","section":"Shading Mode"},"sceneLighting":true,"audioPlay":false,"sceneViewState":{"showFog":true,"showMaterialUpdate":false,"showSkybox":true,"showFlares":true,"showImageEffects":true,"showParticleSystems":true},"in2DMode":false,"pivot":{"x":5.714221000671387,"y":-9.367999076843262,"z":1.3909618854522706},"rotation":{"x":-0.07657335698604584,"y":0.918470025062561,"z":-0.31954267621040347,"w":-0.22009682655334474},"size":12.70000171661377,"orthographic":false}